{"cameraMode":{"drawMode":0,"name":"Shaded","section":"Shading Mode"},"sceneLighting":true,"audioPlay":false,"sceneViewState":{"showFog":true,"showMaterialUpdate":false,"showSkybox":true,"showFlares":true,"showImageEffects":true,"showParticleSystems":true,"showVisualEffectGraphs":true,"m_FxEnabled":true},"in2DMode":false,"pivot":{"x":-407.8149719238281,"y":15.498869895935059,"z":-390.5989685058594},"rotation":{"x":0.3230527937412262,"y":-0.0034505228977650406,"z":-0.000611566414590925,"w":0.9467924237251282},"size":10.527420043945313,"orthographic":false}