{"cameraMode":{"drawMode":0,"name":"Shaded","section":"Shading Mode"},"sceneLighting":true,"audioPlay":false,"sceneViewState":{"showFog":true,"showMaterialUpdate":false,"showSkybox":true,"showFlares":true,"showImageEffects":true,"showParticleSystems":true,"showVisualEffectGraphs":true,"m_FxEnabled":true},"in2DMode":false,"pivot":{"x":-431.3683776855469,"y":-36.221256256103519,"z":-296.74920654296877},"rotation":{"x":0.21854403614997865,"y":-0.07946266978979111,"z":0.015886446461081506,"w":0.9728723168373108},"size":55.62571716308594,"orthographic":false}