{"cameraMode":{"drawMode":0,"name":"Shaded","section":"Shading Mode"},"sceneLighting":false,"audioPlay":false,"sceneViewState":{"showFog":true,"showMaterialUpdate":false,"showSkybox":false,"showFlares":true,"showImageEffects":true,"showParticleSystems":true,"showVisualEffectGraphs":true,"m_FxEnabled":true},"in2DMode":false,"pivot":{"x":0.13950538635253907,"y":1.5717380046844483,"z":0.581634521484375},"rotation":{"x":0.20233884453773499,"y":-0.08249208331108093,"z":0.016050584614276887,"w":0.976081371307373},"size":2.887467384338379,"orthographic":false}