{"cameraMode":{"drawMode":0,"name":"Shaded","section":"Shading Mode"},"sceneLighting":false,"audioPlay":false,"sceneViewState":{"showFog":true,"showMaterialUpdate":false,"showSkybox":false,"showFlares":true,"showImageEffects":true,"showParticleSystems":true,"showVisualEffectGraphs":true,"m_FxEnabled":true},"in2DMode":false,"pivot":{"x":-1.8643029928207398,"y":2.8936078548431398,"z":3.6522252559661867},"rotation":{"x":-0.14195230603218079,"y":-0.8240424394607544,"z":0.23634488880634309,"w":-0.49495816230773928},"size":0.7516862750053406,"orthographic":false}