{"cameraMode":{"drawMode":0,"name":"Shaded","section":"Shading Mode"},"sceneLighting":true,"audioPlay":false,"sceneViewState":{"showFog":true,"showMaterialUpdate":false,"showSkybox":true,"showFlares":true,"showImageEffects":true,"showParticleSystems":true,"showVisualEffectGraphs":true,"m_FxEnabled":true},"in2DMode":false,"pivot":{"x":-3.3573732376098635,"y":-1.3196861743927003,"z":0.12865345180034638},"rotation":{"x":-0.18847216665744782,"y":0.30991920828819277,"z":-0.06232261285185814,"w":-0.9299569725990295},"size":6.898124694824219,"orthographic":false}