{"cameraMode":{"drawMode":0,"name":"Shaded","section":"Shading Mode"},"sceneLighting":false,"audioPlay":false,"sceneViewState":{"showFog":true,"showMaterialUpdate":false,"showSkybox":false,"showFlares":true,"showImageEffects":true,"showParticleSystems":true,"showVisualEffectGraphs":true,"m_FxEnabled":true},"in2DMode":false,"pivot":{"x":0.19393719732761384,"y":6.218634605407715,"z":1.0238430500030518},"rotation":{"x":-0.17474780976772309,"y":0.04192774370312691,"z":-0.007449158001691103,"w":-0.9836979508399963},"size":6.556748867034912,"orthographic":false}